,celion dion,cher,tina turner,donna summer,chic,rose royce,rufus,commodores,lionel richie,billy ocean,steve winwood,don henley,eddie money,loverboy,night ranger,sammy hagar,van halen,kiss,twisted sister,w.a.s.p.,saxon,metal church,overkill,exodus,death angel,dark angel,possessed,autopsy,morbid angel,carcass,napalm death
laid-back-mellow,,,,,,,,,1,,2,,,,,,,,,,,,,,,,,,,,
tuskegee,,,,,,,,1,,,,,,,,,,,,,,,,,,,,,,,
raul seixas,,,,,,,,,,1,,,,,,,,,,,,,,,,,,,,,
amazing 80s,,,,,,,,,,,,,,2,,,,,1,,,,,,,,,,,,
my fav artists,,,,,,,,,,,,,2,,,,,,,,,,,,,,,,,,
male vocalist,,,,,,,,,3,,2,4,3,,,,,,,,,,,,,,,,,,
illinois,,,,,,,2,,,,,,,,,,,,,,,,,,,,,,,,
70s disco,,,,2,2,4,,,,,,,,,,,,,,,,,,,,,,,,,
classic heavy metal,,,,,,,,,,,,,,,,,,,,1,,,,,,,,,,,
stax,,,,,,2,,,,,,,,,,,,,,,,,,,,,,,,,
rock n roll,,,1,,,,,,,,,,5,,,5,1,2,3,1,,,,,,,,,,,
icon,,1,,,,,,,,,,,,,,,,,,,,,,,,,,,,,
vice city,,,,,,,,,,,,,,,,,,,1,,,,,,,,,,,,
searching,,,,,,,,,,,2,,,,,,,,,,,,,,,,,,,,
emotional,1,,,,,,,,1,,,,,,,,,,,,,,,,,,,,,,
flackyak-needs-to-hear-more,,,,,,,,,,,2,,,,,,,,,,,,,,,,,,,,
topfavouritestreamableartists,,,,,1,,2,,,,,,,,,,,,,,,,,,,,,,,,
70s,,12,7,31,31,26,8,33,,8,7,6,3,,,,3,7,,,,,,,,,,,,,
death-grind,,,,,,,,,,,,,,,,,,,,,,,,,,,,,,1,1
riffs,,,,,,,,,,,,,,,,,,,,,,1,,,,,,,,,
want it,,,,,,,,,,,,,,,,2,,,,,,,,,,,,,,,
reggae,,,,,1,2,,,,,,,,,,,,,,,,,,,,,,,,,
music on my profile,,,,,,,,,,1,,,,,,,,,,,,,,,,,,,,,
island,,,,,,,,,1,,,,,,,,,,,,,,,,,,,,,,
pp fab fruits,,,,,1,,,,,,,,,,,,,,,,,,,,,,,,,,
bass,,,,1,,,,,,,,,,,,,,,,,,,,,,,,,,,
metal church,,,,,,,,,,,,,,,,,,,,,,3,,,,,,,,,
a selection work in progress,,,,,,,,,,1,,,,,,,,,,,,,,,,,,,,,
vimpatti,,,,,,,,1,,,,,,,,,,,,,,,,,,,,,,,
sexy sexy,,,,,1,,,,,,,,,,,,,,,,,,,,,,,,,,
canadian artists,,,,,,,,,,,,,,2,,,,,,,,,,,,,,,,,
has been,,,,,,,,,1,,,,,,,,,,,,,,,,,
worthy artists,,,,,,,,,,,,,2,2,2,,,,,,,,,,,
motown and soul,,,,,,,2,1,,,,,,,,,,,,,,,,,,
brutal thrash metal,,,,,,,,,,,,,,,,,,,,,,,,,,1
tina turner,,,17,,,,,,,,,,,,,,,,,,,,,,,
big 80s,,,,,,,,,,,,1,,,,,,,,,,,,,,
baenkelsang,,,,,,,,,,,2,,,,,,,,,,,,,,,
rhythm-blues,,,,,,,2,,1,,,,,,,,,,,,,,,,,
death angel,,,,,,,,,,,,,,,,,,,,,,,,,2,
francais,1,,,,,,,,,,,,,,,,,,,,,,,,,
my favorites,,,,,,,,,,,,2,,,2,,,,,,,,,,,
80s rock,,,,,,2,,,,,,,,8,9,,2,1,2,,,,,,,
guitar virtuoso,,,,,,,,,,,,,,,,,5,,,,,,,,,
top 40,1,,,,,,,,,,,,,,,,,,,,,,,,,
diva,8,13,9,4,,,2,,,,,,,,,,,,,,,,,,,
uplifting as fuck,,,,,,,,,,,2,,,,,,,,,,,,,,,
abbaesque,,,,,1,,,,,,,,,,,,,,,,,,,,,,,,
love songs,1,,,,,,,,,,,,,,,,,,,,,,,,,,,,
explodes,,,,,,,,,1,,,,,,,,,,,,,,,,,,,,
creamfields 2008,,,,,1,,,,,,,,,,,,,,,,,,,,,,,,
songs to have sex to,,,,,,,,,,,,,,,2,,,,,,,,,,,,,,
three snaps in a circle,,,,,1,,,,,,,,,,,,,,,,,,,,,,,,
sing along loudly,,,,,,,,,,1,,,,,,,,,,,,,,,,,,,
tennessee,,,1,,,,,,,,,,,,,,,,,,,,,,,,,,
butt sex,,,,,,,,,,,,,,2,,,,,,,,,,,,,,,
melodic,,,,,,,,,,,,,,,,,,,1,,,,,,,,,,
proto punk,,,,,,,,,,,,,2,,,2,,,,,,,,,,,,,
funk mine,,,,,,,,1,,,,,,,,,,,,,,,,,,,,,
kastor,,,,,,2,,,,,,,,,,,,,,,,,,,,,,,
american,,6,9,4,4,2,,4,1,,,10,10,,11,4,3,4,6,4,,7,3,3,3,3,4,3,3
melodic rock,,,,,,,,,,,,,3,13,6,,,,,,,,,,,,,,
hip hop,,,,,,,,1,,,,,,,,,,,,,,,,,,,,,
twisted sister,,,,,,,,,,,,,,,,,,,5,,,,,,,,,,,,
mios,,,,,,,,,,,,,,,,2,,,,,,,,,,,,,,,
aint it funky,,,,,,,2,,,,,,,,,,,,,,,,,,,,,,,,
indie,1,1,1,,,,,1,1,,,,,2,,2,1,1,2,,,,,,,,,,,,
best songs in the world,,,,,,,,,,,,1,,,,,,,,,,,,,,,,,,,
death metal,,,,,,,,,,,,,,,,,,,1,,1,,1,2,2,1,100,100,100,100,58
rollicking,,,,,,,,,,,,,,,2,,,,,,,,,,,,,,,,
p-funk,,,,,,2,,,,,,,,,,,,,,,,,,,,,,,,,
dance,2,39,2,40,27,,,2,2,8,3,3,,,2,,,,,,,,,,,,,,,,
roraima,,,,,,,,,,1,,,,,,,,,,,,,,,,,,,,,
quiet storm,,,,,,6,2,2,7,5,,,,,,,,,,,,,,,,,,,,,
modern classic,,,,,,,,,,,2,,,,,,,,,,,,,,,,,,,,
guano,,,,,,,,,1,,,,,,,,,,,,,,,,,,,,,,
male solo artists,,,,,,,,,,1,,,3,,,,,,,,,,,,,,,,,,
to listen,,,,,,,,,,,,,,2,,,,,,,,,,,,,,,,,
abc,,,,,,,2,,,,,,,,,,,,,,,,,,,,,,,,
baustar,,,,,,,,,,,,1,,,,,,,,,,,,,,,,,,
disco-funk,,,,,,,,1,,,,,,,,,,,,,,,,,,,,,,
aftermath,,,,,,2,,,,,,,,,,,,,,,,,,,,,,,,
california,,1,,,,6,,,,,,,,,2,,,,,,,,,,,,,,,
motorways fortunato,,,,,,,,,,,,,2,,,,,,,,,,,,,,,,,
essential,,,,,,,,,,,,2,,,,,,,,,,,,,,,,,,
male fronted,,,,,,,,,,,,,,,,,,,1,,,,,,,,,,,
love it,,,,,,,2,,,,,,,2,,,,,,,,,,,,,,,,
boring,1,,,,,,,,,,,,,,,,,,,,,,,,,,,,,
ace frehley,,,,,,,,,,,,,,,,,,1,,,,,,,,,,,,
80s pop,,1,4,,,,,,1,3,,,,,,,,,,,,,,,,,,,,
disney,1,,,,,,,,,,,,,,,,,,,,,,,,,,,,,
gore grind,,,,,,,,,,,,,,,,,,,,,,,,,,,,,,1
best tracks,,,,,,,,,,,2,,,,,,,,,,,,,,,,,,,
my favourite voices,1,,,,,,,,,,,,,,,,,,,,,,,,,,,,,
soul,14,2,56,30,35,72,83,100,92,58,7,3,,,,,,,,,,,,,,,,,,
jrockin,,,,,,,,,1,,2,1,,2,2,,,,,,,,,,,
a good time ago,,,,,1,,,,,,,,,,,,,,,,,,,,,
bay area thrash metal,,,,,,,,,,,,,,,,,,,,,,,,2,1,3
pop-metal,,,,,,,,,,,,,,,4,,1,1,,,,,,,,
eighties,,,,,,,,,,,,,2,4,2,,,,,,,,,,,
l-i-f-e,,,,,,,,,,1,,,,,,,,,,,,,,,,
experimental,,,,2,,,,,,,,,,,,,,,,,,,,,,
all-male bands,,,,,,,,,,,,,,2,2,,,,,,,,,,,
dark electro,,,,,,,,,1,,,,,,,,,,,,,,,,,
genre,,,,,,,,1,,,,,,,,,,,,,,,,,,
similares a prince,,,,,,,,1,,,,,,,,,,,,,,,,,,
favouritestreamableartists,,,,,,,2,,,,,,,,,,,,,,,,,,,
fabulous,,1,,,,,,,,,,,,,,,,,,,,,,,,
soul funk,,,,,,,,1,,,,,,,,,,,,,,,,,,
oldschool,,,,,,2,,,,,,,,,,,,,,,,,,,,
first list,,,,,,,,,,,,1,,2,,,,,,,,,,,,
gray charles,,,,,,,2,,,,2,,,,,,,,,,,,,,,,,,
rap,1,1,,,,,,,,,,,,,,,,,,,,,,,,,,,
thrash fucking metal with balls,,,,,,,,,,,,,,,,,,,,,,,,,,1,,,
sgnhair,,,,,,,,,,,,,,,2,,,,,,,,,,,,,,
bon jovy,,,,,,,,,,,2,,,,,,,,,,,,,,,,,,
erotique,,,,,,,,,,1,,,,,,,,,,,,,,,,,,,
hair metal ist krieg,,,,,,,,,,,,,,,,2,,,,,,,,,,,,,
columbia,,,,,,,,,,,,,,2,,,,,,,,,,,,,,,
when we were older and our hair was longer,,,,,1,,,,,,,,,,,,,,,,,,,,,,,,
hair-glam-sleeze,,,,,,,,,,,,,,,2,,,,,,,,,,,,,,
soft rock,3,3,,,,,,,17,,15,27,14,4,,,,,1,,,,,,,,,,
cancon,,,,,,,,,,,,,,2,,,,,,,,,,,,,,,
electric,,,,1,,,,,,,,,,2,,,,,,,,,,,,,,,
us death metal,,,,,,,,,,,,,,,,,,,,,,,,,,,1,,1
british hard rock,,,,,,,,,,,,,,,,,,,,,1,,,,,,,,
german,,,,,,,,,,,,,,,,,,,1,,,,,,,,,,
glam rock,,,,,,,,,,,,,2,2,2,4,2,37,28,4
snuff,,,,,,,,,,,,1,,,,,,,,
french pop,,,,,,,,,1,,,,,,,,,,,
general,,,,,,,2,,,,,,,,,,,,,
dance-pop,,,,1,,,,,,,,,,,,,,,,
legends,,,,,,,,,,,,,,,,,,1,,
clasic rock,,,,,,,,,,,,,2,,,2,,,,
the boys,,,,,,,,,,,,1,,,,,,,,
year,,,,,,,,1,,,,,,,,,,,,
title,,,,,,,,1,,,,,,,,,,,,
slow jams,,,,,,,2,,,,,,,,,,,,,
romantic,1,,,,,,,,8,4,,,,,,,,,,
swedish house mafia,,,,,,,,,,,2,,,,,,,,,
get down,,,,,,2,,,,,,,,,,,,,,
djsampick,,,,,1,,,,,,,,,,,,,,,
faggotcore,,,,,1,2,,,,,,,,,,,,,,
chanson francaise,1,,,,,,,,,,,,,,,,,,,,,,,,,,,,,
canadian,39,,,,,,,,,,,,,58,,,,,,,,,,,,,,,,
the british are coming,,,,,,,,,,,2,,,,,,,,,,,,,,,,,,,
trinidadian,,,,,,,,,,1,,,,,,,,,,,,,,,,,,,,
trop cool,,,,,,2,,,,,,,,,,,,,,,,,,,,,,,,
party rock,,,,,,,,,,,,,,,2,,,,,,,,,,,,,,,
funk-y,,,,,1,2,,,,,,,,,,,,,,,,,,,,,,,,
new,,,,,,,2,,,,,,,,,,,,,,,,,,,,,,,
familials,,,,,,,,,,,,,,2,,,,,,,,,,,,,,,,
corry,,,,,,,,,1,,,,,2,2,,,,,,,,,,,,,,,
gore metal,,,,,,,,,,,,,,,,,,,,,,,,,,,,,,1
real metal,,,,,,,,,,,,,,,,,,,,,,1,,,,,,,,
80s metal,,,,,,,,,,,,,,,6,2,1,,3,4,1,1,,,,,,,,
funky grooves,,,,,,,,,,1,,,,,,,,,,,,,,,,,,,,
black,,,1,,,,,,,,,,,,,,,,,,,,,,,,,,,
redhalo top similar artists,,,,,,,,,,,,,,2,,,,,,,,,,,,,,,,
kits,,,,,,,,,,,,1,,,,,,,,,,,,,,,
amiable-good-natured,,,,,,,,,1,,3,2,,,,,,,,,,,,,,,
new wave of british invasion,,,,,,,,,,,,,2,,,,,,,,,,,,,,
teachers lessons,,,,,,,,1,,,,,,,,,,,,,,,,,,,
favourites,,,,,,,,,,,,,,,,,,,,1,,,,,,,
the-slash,,,,,,,,,,,,1,,,,,,,,,,,,,,,
black-rock,,,,,,,2,,,,,,,,,,,,,,,,,,,,
60s pop,,1,,,,,,,,,,,,,,,,,,,,,,,,,
bay area thrash,,,,,,,,,,,,,,,,,,,,,,,,1,4,2,1
melankoliaa,,,,,,,,,,1,,,,,,,,,,,,,,,,,
four letter word,,,,,1,,,,,,,,,,,,,,,,,,,,,,
chic,,,,,5,,,,,,,,,,,,,,,,,,,,,,
alternative rock,1,,1,,,,,1,,1,,,,,,,1,1,2,,,,,,,,
california seixas,,,,,,,,,,1,,,,,,,,,,,,,,,,,
cheesy,,,,,,,,,1,,,,2,2,4,,,,,,,,,,,,
popular alternative,,,,,1,,,,,,,,,,,,,,,,,,,,,,
glitch,,,,1,,,,,,,,,,,,,,,,,,,,,,,,,,
adult contemporary,4,,1,,,,,,3,13,8,6,,,,,,,,,,,,,,,,,,
80tals,,,,,,,,,1,,,,,,,,,,,,,,,,,,,,,
rock pop,,,,,,,,,,,,,,2,,,,,,,,,,,,,,,,
death-thrash metal,,,,,,,,,,,,,,,,,,,,,,,,,,,1,,,
british metal,,,,,,,,,,,,,,,,,,,,,3,,,,,,,,,
cold meat industry,,,,,,,,,1,,,,,,,,,,,,,,,,,,,,,
america,,,,,,,2,,,,,,,,,,,,,,,,,,,,,,,
80s disco,,,,1,,,,,,1,,,,,,,,,,,,,,,,,,,,
eagles,,,,,,,,,,,,6,,,,,,,,,,,,,,,,,,
argeu california seixas,,,1,1,,,,1,,1,,,,,,,,,,,,,,,,,,,,
cover,,1,,,,,,,,,,,,,,,,,,,,,,,,,,,,
carcass,,,,,,,,,,,,,,,,,,,,,,,,,,,,,,1
seenlive,,,,,,,,,,,,,,,,2,,,,,,,,,,,,,,
rs 500,,,,,,,,,,,,1,,,,,,,,,,,,,,,,,,
whitfield,,,,,,2,,,,,,,,,,,,,,,,,,,,,,,,
favourite,1,,,,,,,,,,,,,,2,,,,,,,,,,,,
progressive thrash metal,,,,,,,,,,,,,,,,,,,,,,,,,,1,
speed metal,,,,,,,,,,,,,,,,,,,,,,19,13,8,10,6,3
bump,,,,,,,,1,,,,,,,,,,,,,,,,,,,
summery,,,,,,,,,,1,,,,,,,,,,,,,,,,,
70,,,,,,2,,,,,,,,,,,,,,,,,,,,,
swingmuziek,,,,,1,,,,,,,,,,,,,,,,,,,,,,
best mouth in rock,,1,,,,,,,,,,,,,,,,,,,,,,,,,
relaxing,1,,,,,,,,,,,,,,,,,,,,,,,,,,
old school funk,,,,,,2,,2,,,,,,,,,,,,,,,,,,,
san francisco,,,,,,,,,,,,,,,2,,,,,,,,,,,,
bylly ocean,,,,,,,,,,1,,,,,,,,,,,,,,,,,
womad 2008,,,,,1,,,,,,,,,,,,,,,,,,,,,,
old school thrash metal,,,,,,,,,,,,,,,,,,,,,,1,1,1,,4,
hair metal,,,,,,,,,,,,,,,51,9,14,14,52,19,1,,,,,,
brooklyn,,,,,,,,,,,,,2,,,,,,,,,,,,,,
soundtrack scores,,,,,,,,,,1,,,,
puresoul,,,,,,,,1,,,,,,
nile rodgers,,,,,1,,,,,,,,,
i like to eat small trees,,,,,,,,,,,,,,2
invades,,,,,,,,,,,,1,,
soft pop,,,,,,,,,1,,,,,
jazz fusion,,,,1,,,,,,,,,,
eddie money,,,,,,,,,,,,,2,
sinnet,,1,1,1,,,,,,1,,,,
green tag,,,,,,,,,,,,1,,
lionel richie,,,,,,,,2,14,,,,,
matchinoutfits,,,,,,2,,,,,,,,
r&b,,,2,,,2,,,3,,,,,
amazing,1,,,,,,,,,,,,,
singer songwriter,,,,,,,,,,,,2,,
traffic,,,,,,,,,,,3,,,
chaka khan,,,,,,,4,,,,,,,,,,,,,,,,,,,,,,,,
worldmusik,,,,,1,,,,,,,,,,,,,,,,,,,,,,,,,,
guitar solo,,,,,,,,,,,,,,,,,1,,,,,,,,,,,,,,
powerful voice,1,,,,,,,,,,,,,,,,,,,,,,,,,,,,,,
soundtrack,4,,1,1,,2,,,,,3,2,,,2,2,,,1,,,,,,,,,,,,
non the artists,,,,,,,,,,,2,1,,2,,,,,,,,,,,,,,,,,
maiclove,,,,,,,,,,1,,,,,,,,,,,,,,,,,,,,,
alton memories,,,,,,2,,,,,,,,,,,,,,,,,,,,,,,,,
hustle,,,,,1,,,,,,,,,,,,,,,,,,,,,,,,,,
florida death metal,,,,,,,,,,,,,,,,,,,,,,,,,,,,,1,,
guitar heros,,,,,,,,,,,,,,,,2,,,,,,,,,,,,,,,
survivor,,,,,,,,,,,,,,2,,,,,,,,,,,,,,,,,
timeless favorites,,,,,,,,,,,3,,,,,,,,,,,,,,,,,,,,
death,,,,,,,,,,,,,,,,,,,,,,,,,,,1,2,2,2,2
calm,,,,,,,,,1,,,,,,,,,,,,,,,,,,,,,,
disco inferno,,,,,1,,,,,,,,,,,,,,,,,,,,,,,,,,
electro,,,,1,,,,,,,,,,,,,,,,,,,,,,,,,,,
nice,,,1,,,,,,,,,,,,,,,,,,,,,,,,,,,,
what god listens to,,,,,,,,,,,,,,2,,,,,,,,,,,,,,,,,
chameleon,,,,,,,,,,,,,2,,,2,,,,,,,,,,,,,,,
death fucking metal with balls,,,,,,,,,,,,,,,,,,,,,,,,,,,1,1,,,
cadmium,,,,,,,,,,,,,,,,,,,1,,,,,,,,,,,,
queen of disco,,,,2,,,,,,,,,,,,,,,,,,,,,,,,,,,
must have,,,,,,,,,,,,,2,,,,,,,,,,,,,,,,,,
my itunes collection,,,,,,,,,2,,,,,,,,,,,,,,,,,,,,,,
political,,,,,,,,,,,,,,,,,,,,,,,,,,,,,,,1
shock metal,,,,,,,,,,,,,,,,,,,,1,,,,,,,,,,,
urban ac,,,1,,,,,,,,,,,,,,,,,,,,,,,,,,,,
house,,1,,4,2,,,,,,,,,,,,,,,,,,,,,,,,,,
rock-protopunk,,,,,,,,,,,,,2,,,2,,,,,,,,,,,,,,,
midnight magic,,,,,,,,1,,,,,,,,,,,,,,,,,,,,,,,
rb,,,,,,2,,,,,,,,,,,,,,,,,,,,,,,,,
party music,,,,,,,,,,,,,,,,,,,1
awesome,1,1,,,,,,,,,,2,2,,,,,,
solo males,,,,,,,,,,,,1,,,,,,,
deep smooth,,,,,,,2,,,,,,,,,,,,
comedy,,,,,,,,,,,,,,,2,,,,
60s,,9,3,,,,,,,,3,,,,,,,,
eurovision,2,,,,,,,,,,,,,,,,,,
amazing voice,,,,,,,,,,,,,,,,2,,,
full surface,,,,,,2,,,,,,,,,,,,,
eurovision winner,1,,,,,,,,,,,,,,,,,,
fav tracks,,,,,,,,,,,2,,,,,,,,
cheesy as fuck,,,,,,,,,,,,,,,2,,,,
funk style,,,,,1,,,1,,,,,,,,,,,
eurovision song contest,2,,,,,,,,,,,,,,,,,,
eighties office music - sweet,,,,,,,,,,1,,,,,,,,,
gentle,,,,,,,,,1,,,,,,,,,,
us power metal,,,,,,,,,,,,,,,,,,,,,,2,,,,
stadium rock,,,,,,,,,,,,,,2,,,,,,,,,,,,
party-celebratory,,,,,,,,,,1,,,,2,,,,,,,,,,,,
rizzoul,,,,,,,,1,,,,,,,,,,,,,,,,,,
alabama,,,,,,,,2,2,,,,,,,,,,,,,,,,,
jason forrest,,,,1,,,,,,,,,,,,,,,,,,,,,,
gothic,,,1,,,,,,,,,,,,,2,,,,,,,,,,
not good,,,,,,,,,,,,,,2,,,,,,,,,,,,
avant-prog,,,,,,,,,1,,,,,,,,,,,,,,,,,
mca,,,,,,,2,,,,,,,,2,,,,,,,,,,,
chanteuses,,1,,,,,,,,,,,,,,,,,,,,,,,,
liszaj radio,,,,,,,,,,,,,2,,,,,,,,,,,,,
great,,,,,,,,,,,,2,,,,,,,,,,,,,,
dark angel,,,,,,,,,,,,,,,,,,,,,,,,,,1
not heard yet,,,,,,,,,,,,1,,,,,,,,,,,,,,
technical thrash metal,,,,,,,,,,,,,,,,,,,,,,,,,1,
slow jam,,,,,,2,,,,,,,,,,,,,,,,,,,
golden oldies,,1,,1,,,,,,,,2,,,,,,,,,,,,,
oldies,1,1,5,1,3,2,4,15,22,1,3,2,,4,,,1,1,1,,,,,,
guitar hero,,,,,,,,,,,,,,,,,2,,,,,,,,
male solo artist,,,,,,,,,,,2,,,,,4,,,,,,,,,
american thrash metal,,,,,,,,,,,,,,,,,,,,,,,1,,
power metal,,,,,,,,,,,,,,,,4,,,1,1,8,24,1,,1
steve winwood,,,,,,,,,,,13,,,,,,,,,,,,,,
creamfields 2008 sunday,,,,,1,,,,,,,,,,,,,,,,,,,,
196878,,,,,,,,,,1,,,,,,,,,,,,,,,
celine dion,18,,,,,,,,,,,,,,,,,,,,,,,,
girl,,,,,,,,,,,,,2,,,,,,,,,,,,
summer chill,,,,,,,,,1,,,,,,,,,,,,,,,,
madonna,,,1,,,,,,,,,,,,,,,,,,,,,,
mullet,,,,,,,,,,,,,2,,,,,,,,,,,,
club trax,,,,,,,,1,,,,,,,,,,,,,,,,,
weinwright,,,,,,,2,,,,,,,,,,,,
ladies,,1,,,,,,,,,,,,,,,,,
garage rock,,,,,,,,,,,,,2,,,2,,,
allgemein,,,,,,,,,,,2,,,2,,,,,
old skool,,,1,,,,,,,,,,,,,,,,
hard-n-heavy,,,,,,,,,,,,,,,,,,,1
psychedelic,,,,,,,,,,,,,,,,2,,,
universal japan,,,,,,,,,,,,1,,,,,,,
anhoeren,,,,,,,,,,,2,,,,,,,,
super funk,,,,,,,2,,,,,,,,,,,,
just blue,,1,,,,,,,,,,,,,,,,,
eric prydz,,,,,,,,,,,2,,,,,,,,
ludzik,,,,,,,,,,1,,,,,,,,,
titanic,2,,,,,,,,,,,,,,,,,,
jimmy buffet,,,,,,,,,,,,,,,,2,,,
lounge,,,,,1,,,,,,,,,,,,,,
elo family offshoots,,,,,,,,,,,,,,,2,,,,
beauty and sadness,,,,,,,,,,1,,,,,,,,,
ukrainian,,,,,,,,,1,,,,,,,,,,
makes me bounce,,,,,1,,,,,,,,,,,,,,
oh canada,,,,,,,,,,,,,,2,,,,,
music for dad,,,,,,,,,,1,,,,,,,,,
funk you too,,,,,2,,,,,,,,,,,,,,
commodores,,,,,,,,2,,,,,,,,,,,
top artists,,,,1,,,,,,,,,,,,,,,
jointly velvel,,,,,,,,,,,,,2,,,,,,
bittersweet,,,,,,,,,,,,2,,,,,,,
george clinton,,,,,,,,1,,,,,,,,,,,
seventies,,,,,,2,,,,,,,2,,,,,,
bands i have seen live,,,,,,,,,,,,,,,,,,,1
christmas,1,,,,,,,,,,,,,,,,,,
judely favourites,,,,,,,,,,,,1,,,,,,,
k-pop,,,,,,,,,,,,,,,,,,1
folk,1,2,2,,,,,,1,,,,,,,,,
genius,,,,,,,,,,,5,,,,,,,
state property,,,,,,2,,,,,,,,,,,,
the best music you will ever hear,,,,,,,,,,,2,,,,,,,
d-block,,,,,,2,,,,,,,,,,,,
van halen,,,,,,,,,,,,,,,,14,7,
plastic,,,,,,,,,1,,,,,,,,,
green lounge,,,,,1,2,,,,,,,,,,,,
us,,,,,,,,,,,,,,,,2,,
pop metal,,,,,,,,,,,,,,,4,,,
discotheque,,,,2,,2,,,,,,,,,,,,
female vocalists,74,65,82,32,3,,2,,,,,3,,,,,,1
dunno,,,,,,,,,,,,,2,,,,,
1976,,,,,,,,,,1,,,,,,,,
noch leer,,,,,1,,,,,,,,,,,,,
metal-guide com,,,,,,,,,,,,,,2,,,,,,,,,,,,,,,,,
pop life,,,,,,,,,1,,2,,,,,,,,,,,,,,,,,,,,
twisted,,,,,,,,,,,,,,,,,,,1,,,,,,,,,,,,
punk,,1,,,,,,,,,,,2,,,4,1,1,1,,,,,,,,,,,,4
my tags,,,,,,,,,,,,,2,,,,,,,,,,,,,,,,,,
best oldies-harmonies,,,,,,,,1,,,,,,,,,,,,,,,,,,,,,,,
dansgolv,,,,,,,2,,,,,,,,,,,,,,,,,,,,,,,,
soul sister,,,1,,,,,,,,,,,,,,,,,,,,,,,,,,,,
cher,,14,,,,,,,,,,,,,,,,,,,,,,,,,,,,,
stewart,,,,,,,,,,,2,,,,,,,,,,,,,,,,,,,,
chill,,,,,,2,,,,,,,,,,,,,,,,,,,,,,,,,
funk,1,1,4,7,77,100,100,99,3,4,3,,,,,,,,,,,,,,,,,,,,
bar grooves,,,,,,,2,,,,,,,,,,,,,,,,,,,,,,,,
archie,,,,,1,,,,,,,,,,,,,,,,,,,,,,,,,,
classical,2,1,,,,,,,,,,,,,,,,,,,,,,,,,,,,,
dance samples,,,,,,,,,,,2,,,,,,,,,,,,,,,,,,,,
na kolana przez heavy metalowym majestatem,,,,,,,,,,,,,,,,2,,,,,,,,,,,,
female vocal,1,1,1,2,,,,,,,,,,,,,,,,,,,,,,,,
ontario,,,,,,,,,,,,,,2,,,,,,,,,,,,,,
my favorite guitarist,,,,,,,,,,,,,,,2,,,,,,,,,,,,,
demmies disco mix,,,,,1,,,1,,,,,,,,,,,,,,,,,,,,
strange,,,,1,,,,,,,,,,,,,,,,,,,,,,,,
mondo sexy,,,,,,,,,,1,,,,,,,,,,,,,,,,,,
arena rock legends,,,,,,,,,,,,,,2,2,,,,,,,,,,,,,
lenta,,,,,,,,1,,,,,,,,,,,,,,,,,,,,
classic death metal,,,,,,,,,,,,,,,,,,,,,,,,,,,1,2
dubstep,,,,,,,,,,,,,,,,,,,,,,,,,,1,,
male fronted metal,,,,,,,,,,,,,,,,,,,,,1,,,,,,,
i love the 80s,,,,,,,,,1,,,,,,,,,,,,,,,,,,,
dynamic,,,,,,,2,,,,,,,,,,,,,,,,,,,,,
camptastic,,,,,,,,1,,,,,,,,,,,,,,,,,,,,
rock-pop,,,,,,,,,,,,,2,,,,,,,,,,,,,,,
df,,,,,,2,2,,,,,,,,,,,,,,,,,,,,,,,
q book of punk legends,,,,,,,,,,,,,2,,,,,,,,,,,,,,,,,
just good,,,,,,,,,,,,,,,,,,,1,,,,,,,,,,,
beautiful voice,,,,,,,2,,,,,,,,,,,,,,,,,,,,,,,
jfalive,,,,,,2,,,,,,,2,2,2,,,,,,,,,,,,,,,
old school soul,,,,,,2,2,2,1,,,,,,,,,,,,,,,,,,,,,
don henley,,,,,,,,,,,,8,,,,,,,,,,,,,,,,,,
death n roll,,,,,,,,,,,,,,,,,,,,,,,,,,,,,,1
stevie nicks,,,,,,,,,,,,,,,,2,,,,,,,,,,,,,,
billy,,,,,,,,,,1,,,,,,,,,,,,,,,,,,,,
cover und original,,,,,,2,,,,,,,,,,,,,,,,,,,,,,,,
housetechno,,,,,1,,,,,,,,,,,,,,,,,,,,,,,,,
power ballads,,,,,,,,,,,,,,,2,,,,,,,,,,,,,,,
emotion,,,,,,,,,1,,,,,,,,,,,,,,,,,,,,,
i should keep an eye on this one,,,,,1,,,,,,,,,,,,,,,,,,,,,,,,,
film music composer,,,,,,,,,,1,,,,,,,,,,,,,,,,,,,,
soulmeeting,,,,,,,,1,,,,,,,,,,,
vicious disco,,,,,1,,,,,,,,,,,,,,
idm,,,,3,,,,,,,,,,,,,,,
top stuff,,,,,,,,,1,,,,,,,,,,
groovy,,,,,,,,1,,,,,,,,,,,
soul and funk,,,,1,,,2,,,,,,,,,,,,
xoza,,,1,,,,,,,,,,,,,,,,
rock 80s classic rock canadian hard rock pop arena rock canada mike reno paul dean matt frenette doug johnson scott smith ken sinneave,,,,,,,,,,,,,,2,,,,,
when i see your smile,,,,,,,,,,,,,2,,,,,,
britpop,,1,,,,,,,,,,,,,,,,,1
rolling stone 500 greatest songs of all time,,,,,,,,,,,,1,,,,,,,
private dancer,,,1,,,,,,,,,,,,,,,,
jazz,1,1,1,1,2,,,3,1,,,,,,,,1,,
joh,,,,,,,,,,1,,,,,,,,,
easy cool sound,,,,,,2,,,,,,,,,,,,,
mcvinger,,,,,1,,,,,,,,,,,,,,
english,3,,,,,,,,,,,,,,,,,,,,,,,,,,,,,1,1
nigel has this,,,,,,,,,,,,,,,,2,,,,,,,,,,,,,,,
old favorites,,,,,,,,,,,3,,,,,,,,,,,,,,,,,,,,
aor hard rock,,,,,,,,,,,,,,,2,,,,,,,,,,,,,,,,
80s,4,37,57,27,10,2,8,5,76,100,74,59,50,94,58,5,29,20,36,12,4,3,3,1,1,1,1,,,,
anyzio rocha,,,,,,,,,,1,,,,,,,,,,,,,,,,,,,,,
deathrock,,,,,,,,,1,,,,,,,,,,,,,,,,,,,,,,
roxy music legacy,,,,,1,,,,,,,,,,,,,,,,,,,,,,,,,,
pwl,,,,1,,,,,,,,,,,,,,,,,,,,,,,,,,,
absolute classics,,,,,1,,,,,,,,,,,,,,,,,,,,,,,,,,
death thrash,,,,,,,,,,,,,,,,,,,,,,,,,,,1,,,,
fly,,,,,,,,,,,,1,,,,,,,,,,,,,,,,,,,
disco music,,,,1,,,,,,,,,,,,,,,,,,,,,,,,,,,
camp,,1,,,,,,,,,,,,,,,,,,,,,,,,,,,,,
guitar heavy,,,,,,,,,,,,,2,,,,,,,,,,,,,,,,,,
randb,,,,,,2,,,1,,,,,,,,,,,,,,,,,,,,,,
halftoned singles club,,,1,,,,,,,,,,,,,,,,,,,,,,,,,,,,
fun fun fun,,,,,,,,,,,,,,,,,,,1,,,,,,,,,,,,
disco,1,8,,100,100,98,21,15,2,36,,,,,,,,,,,,,,,,,,,,,
radio utopia,,,,,,,,,,,,1,,,,,,,,,,,,,,,,,,,
hardcore punk,,,,,,,,,,,,,,,,,,,,,,,,,,,,,,,1
chanson,1,,,,,,,,,,,,,,,,,,,,,,,,,,,,,,
grateful dread,,,,,,,,,,,2,,,,,,,,,,,,,,,,,,,,
progressive metal,,,,,,,,,,,,,,,,2,,,1,,,1,,,,1,,,,,
earworms,,,,,,,,,,1,,,,,,,,,,,,,,,,,,,,,
top 100 greatest artists,,,,,,2,,,,,,,,,,,,,,,,,,,,,,,,,
bueromusik,,,,,1,,,,,,,,,,,,,,,,,,,,,,,,,,
cock rock,,,,,,,,,,,,,,,2,2,,,1,,,,,,,,,,,,
industrial,,,,1,,,,,,,,,,,,,,,1,,,,,,,,,,,,
guilty pleasure,2,1,,,,,,,,,,,,,2,,,,,,,,,,,,,,,,
therell be sad so,,,,,,,,,,1,,,,,,,,,,,,,,,,,,,,,
death doom,,,,,,,,,,,,,,,,,,,,,,,,,,,,1,,,
night ranger,,,,,,,,,,,,,,,9,,,,,,,,,,,,,,
floridian death metal,,,,,,,,,,,,,,,,,,,,,,,,,,,,,1
other good stuff,,,,,,,,,,,,,,2,,,,,,,,,,,,,,,
groovin,,,,,,,,1,,,,,,,,,,,,,,,,,,,,,
radiostorm 80s,,,,,,,,,,,,,2,,,,,,,,,,,,,,,,
power,,,,,,,,,,,,,,,,,,,,,,1,,,,,,,
jazzyfunkysoulubersheit,,,,,,2,,,,,,,,,,,,,,,,,,,,,,,
rock and roll,,,2,,,,,,,,5,2,,,,,1,2,1,,,,,,,,,,
basically bass,,,,,,,,,,,,1,,,,,,,,,,,,,,,,,
soul-funk,,,,,,,,2,,,,,,,,,,,,,,,,,,,,,
mastervoice,,,,,,,,,,,,,,,,2,,,,,,,,,,,,,
sweet soul,,,,,,,2,,,,,,,,,,,,,,,,,,,,,,
girl power,,1,,,,,,,,,,,,,,,,,,,,,,,,,,,
southern rock,,,,,,,,,,,,2,,,,,,,,,,,,,,,,,
soothing,,,,,,,,,,,3,,,,,,,,,,,,,,,,,,
guitar rock,,,,,,,,,,,,,,,,,1,,,,,,,,,,,,
meloso,,,,,,,,,,,,,,,2,,,,,,,,,,,,,,
cool summer breeze,,,,,,2,,,,,,,,,,,,,,,,,,,,,,,
morbid angel,,,,,,,,,,,,,,,,,,,,,,,,,,,,,1
rock us,,,,,,,,,,,,,,,,2,,,,,,,,,,,,,
disco beebie,,,,,1,,,,,,,,,,,,,,,,,,,,,,,,
crossover,,,,,,,,,,,,,,2,,,,,,,,,,,,,,,
album rock,,,,,,,,,,,3,,2,4,,,1,1,,,,,,,,,,,
hair band,,,,,,,,,,,,,,,2,,,,,,,,,,,,,,
singer,,,,1,,,,,,,,,,,,,,,,,,,,,,,,,
powerpop,,,,,,,,,,,,,2,,,2,,,,,,,,,,,,,
beto juara,,,,,,,,,,1,,,,,,,,,,,,,,,,,,,
demmies hair metal,,,,,,,,,,,,,,2,,,,,,,,,,,,,,,
top 30,,,,,,,,,1,,,,,,,,,,,,,,,,,,,,
fav,,,,,,,2,,,,,,,,,,,,,,,,,,,,,,
disco divas,,,,2,,,,,,,,,,,,,,,,,,,,,,,,,
joe perry,,,,,,,,,,,,,2,,,,,,,,,,,,,,,,
struggle,,,,,,,,,,,,1,,,,,,,,
blackie lawless,,,,,,,,,,,,,,,,,,,,1
get down grooves,,,,,,,,1,,,,,,,,,,,,
westcoast,,,,,,2,,,,,,,,,,,,,,
japanese,,1,,,,,,,,,,,,,,,,,,
high school rock,,,,,,,,,,,,,2,,,,,,,
favorite,,,,,,,,,,,,,,,,2,,,,
plaintive,,,,,,,,,,,2,,,,,,,,,
rufus w chaka khan,,,,,,,2,,,,,,,,,,,,,
saw live,,1,,,,,,,,,,,,,,,,,,
janet jackson,,,,,,,,,,,,1,,,,,,,,
camel,,,,,,,,,,,,,,,2,,,,,
listen later,,,,,,,,,,,2,,,,,,,,,
slick,,,,,,,,,,1,,,,,,,,,,
mucajai,,,,,1,,,,,1,,,,,,,,,,
ballads,2,,,,,,,,,,,,,,,,,,,
refined-mannered,,,,,,,,,,,2,,,,,,,,,,,,,,,,,,,,
davie schemer,,,,,,2,,,,,,,,,,,,,,,,,,,,,,,,,
womad,,,,,1,,,,,,,,,,,,,,,,,,,,,,,,,,
boa vista,,,,,1,,,,,1,,,,,,,,,,,,,,,,,,,,,
heavy-thrash metal,,,,,,,,,,,,,,,,,,,,,,1,,,,,,,,,
jeremy macro somgs,,,,,,,,,,1,,,,,,,,,,,,,,,,,,,,,
jazz funk,,,,,1,,,,,,,,,,,,,,,,,,,,,,,,,,
dancing in the dark,,,,,,,,,,,,,,2,,,,,,,,,,,,,,,,,
black metal,,,,,,,,,,,,,,,,,,,,,,,,1,1,,1,,3,1,1
totally gay,,,,,,,,,,,,,,2,,,,,,,,,,,,,,,,,
vocal soul,,,,1,,,,,,,,,,,,,,,,,,,,,,,,,,,
alta-tensao,,,,,,,,,,,,,2,,,,,,,,,,,,,,,,,,
pretty cool,,,,,,,,1,,,,,,,,,,,,,,,,,,,,,,,
suosikit,,1,,,,,,,,,,,,,,,,,,,,,,,,,,,,,
thrash til death,,,,,,,,,,,,,,,,,,,,,,,,,,1,,,,,
heavy,,,,,,,,,,,,,,,,,,,1,,1,1,,,,,,,,,
fineandfine,,,,,,,,,,,2,,,,,,,,,,,,,,,,,,,,
rhythm and blues,,,3,1,,6,17,10,,1,5,2,,,,,,,,,,,,,,,,,,,
brutal,,,,,,,,,,,,,,,,,,,,,,,,,,,,,,,1
sophisticated,,,,,,,,,,,3,,,,,,,,,,,,,,,,,,,,
guitar gods,,,,,,,,,,,,,,,,,2,,,,,,,,,,,,,,
moose,,,,,,,,,,,,,,,2,,,,,,,,,,,,,,,,
gramusels bluesrock,,,,,,,,,,,2,,,,,,,,,,,,,,,,,,,,
disco 70s,,,,,,2,,,,,,,,,,,,,,,,,,,,,,,,,
ballad,5,1,,,,,,,2,,,4,,2,,,,,,,,,,,,,,,,,
im cheesing my fucking brain out,,,,,,,,,,,,,,,,4,,,,,,,,,,,,,,,
shit,,,,,,,,,,,,,,2,,,,,,,,,,,,,,,,,
80's,,,,,,,,,,,8,3,3,8,,2,,,1,,,,,,,,,,,,
stuzzie,,,,,,,,,1,,,,,,,,,,,,,,,,,,,,,,
homosexual intifada,,,,,1,,,,,,,,,,,,,,,,,,,,,,,,,,
saxon,,,,,,,,,,,,,,,,,,,,,3,,,,,,,,,,
does not fit anywhere else,,,,,,,,,,,,,,,2,,,,,,,,,,,,,,,,
poison,,,,,,,,,,,,,2,,,,,,,,,,,,,,
mosca navarro,,,,,,,,,,1,,,,,,,,,,,,,,,,,
studio 54,,,,,1,2,,,,,,,,,,,,,,,,,,,,,
gospel,,,,1,,,,,,,,,,,,,,,,,,,,,,,
80s favorites,,,,,,,,,,,,,,2,,,,,,,,,,,,,
turner,,,1,,,,,,,,,,,,,,,,,,,,,,,,
alt und romantisch,,,,,,,,1,,,,,,,,,,,,,,,,,,,
grunge,,1,,,,,,,,,,,,,4,,,,1,,,,,,,,
traditional metal,,,,,,,,,,,,,,,,,,,,2,2,2,,,,,
classic,,2,1,1,,2,,2,1,,5,3,5,2,,2,1,1,1,1,,1,,,,,
power ballad,,,,,,,,,,,,,3,,2,2,,,,,,,,,,,
nova california seixas,,,1,1,1,,,1,,1,,,,,,,,,,,,,,,,,
kills nu-metal ten times over,,,,,,,,,,,,,,,,,,,1,,1,1,1,,,,1
ska,,,,,,,,,,,,,,,,2,,,,,,,,,,,
mike rock,,,,,,,,,,,,1,,,2,,,,,,,,,,,,
sony,,,,,,,,,,,2,,,,,,,,,,,,,,,,
radio,,,,,,,,,,,,,,,2,,,,,,,,,,,,,
top 20 all time,,,,,,,,,,,2,,,,,,,,,,,,,,,,,
lawhead,,,,,,,,,,1,,,,,,,,,,,,,,,,,,
alkaseltzer,,,,,1,,,,,,,,,,,,,,,,,,,,,,,
gore,,,,,,,,,,,,,,,,,,,,,,,,,,,,1
underrated,,,,,,,,,,,,,,,,,,,,,,1,,,,1,,
we will rock you,,,,,,,,,,,,,,,,2,,,,,,,,,,,,
poprock,,,,,,,,,,,,,,2,,,,,,,,,,,,,,
furaha cocktail,,,,,,,,,,,2,,,,,,,,,,,,,,,,,
steven jam,,,,,,2,,1,,,,,,,,,,,,,,,,,,,,
funky,,,,,1,2,2,5,,,,,,,,,,,,,,,,,,,,
mashup,,,,1,,,,,,,,,,,,,,,,,,,,,,,,
female voices,2,1,2,,,,,,,,,,,,,,,,,,,,,,,,,
mainstream,,,,,,,,,1,,,,,,,,,,,,,,,,,,,
old school dance,,,,,1,,,,,,,,,,,,,,,,,,,,,,,
disco funk,,,,,2,,,,,,,,,,,,,,,,,,,,,,,
feel good pop,,,,,,,,,,1,,,,,,,,,,,,,,,,,,
cheesetastic,,,,,,,,1,,,,,,,,,,,,,,,,,,,,
californian death metal,,,,,,,,,,,,,,,,,,,,,,,,,,,,1
henley,,,,,,,,,,,,1,,,,,,,,,,,,,,,,
polygram international,,,,,,,,,1,,,,,,,,,,,,,,,,,,,
cherr,,1,,,,,,,,,,,,,,,,,,,,,,,,,,
tags,,,,,,,,,,,,2,,,,,,,,,,,,,,,,
bidding antony,,,,,,,,,,,,,2,,,,,,,,,,,,,,,
new track since fall 05,,,,,,,,1,,,,,,,,,,,,,,,,,,,,
grooves,,,,,,,8,,,,,,,,,,,,,,,,,,,,,
gay,1,7,1,,,,,,,,,,,,,,,,,,,,,,,,,
trash,,,,,,,,,,,,,,,,,,,,,,,,1,,,,
ruff ryders,,,,,,2,,,,,,,,,,,,,,,,,,,,,,
favorite artists,,1,,,,2,,,,,,,,,,,,,,,,,,,,,,
all time favs,,,,,,,,,,,,2,,,,4,,,,,,,,,,,,
heavy-metal,,,,,,,,,,,,,,,,2,,,,,,,,,,,,
kastor disco,,,,,,2,,,,,,,,,,,,,,,,,,,,,,,,,
what a voice,1,,,,,,,,,,,,,,,,,,,,,,,,,,,,,,
rock,11,23,78,3,,,4,3,9,5,100,96,64,100,89,84,65,52,50,11,6,2,1,,1,,,,,1,1
rock dreams,,,,,,,,,,,2,,,,,,,,,,,,,,,,,,,,
kricamorena,,,,,,,,,,1,,,,,,,,,,,,,,,,,,,,,
melodic metal,,,,,,,,,,,,,,,,7,,,,1,,1,,,,,,,,,
indie rock,,,,,,,,,,1,,,,,,,,,1,,,,,,,,,,,,
80s hair metal,,,,,,,,,,,,,,,4,4,,,2,1,,,,,,,,,,,
guiltypleasure,,,,,,,,1,,,,,,,,,,,,,,,,,,,,,,,
soiree collegues,,,,,1,,,,,,,,,,,,,,,,,,,,,,,,,,
rocker,,,,,,,,,,,,,2,,,,,,,,,,,,,,,,,,
greatest 70s onwards bands,,,,,,,,1,,,,,,,,,,,,,,,,,,,,,,,
festmusik,,,,,,,2,,,,,,,,,,,,,,,,,,,,,,,,
donna summer,,,,6,,,,,,,,,,,,,,,,,,,,,,,,,,,
trance,,1,,1,,,,,,,,,,,,,,,,,,,,,,,,,,,
90s rock,,,,,,,,,,,,,2,,,,,,,,,,,,,,,,,,
ashanti,,,,,,,,,,,,1,,,,,,,,
motown label,,,,,,,,1,1,,,,,,,,,,,
summer,,,,,,2,,,,,,,,,,,,,1,
fir,,,,,,,,,,,2,,,,,,,,,
blues funk r-and-b,,,,,,,2,,,,,,,,,,,,,
graycharles,,,,,,2,,,,,,,,,,,,,,
gay idolu,,1,,,,,,,,,,,,,,,,,,
francophone,1,,,,,,,,,,,,,,,,,,,
mr kinskis favourites,,,,,,,,,,,,1,,,,,,,,
hirozo,,,,,,,,,,,,,,,2,,,,,
d-i-v-o-r-c-e,,,,,,,,,,,2,,,,,,,,,
i never listened to this but its here because my mum did and i can not delete artists anymore,,,,,,2,,,,,,,,,,,,,,
favorites,2,2,2,,,,,,1,,,5,,,,2,1,,,1
been there - seen them,,,,,,,,,,,,,,,,2,,,,
the furaha cocktail,,,,,,,,,,,2,,,,,,,,,
wellington flash blach,,,,,1,,,,,,,,,,,,,,,
hip-hop,1,1,,,,2,,1,,,,,,,,,,,,,,,,,,,
rousing,,,,,,,,,,,,,,2,4,,,,,,,,,,,,
jack blades,,,,,,,,,,,,,,,2,,,,,,,,,,,,
aleister crowley,,,,,1,,,,,1,,,,,,,,,,,,,,,,,
saw,,,,1,,,,,,,,,,,,,,,,,,,,,,,
00s,3,3,1,,,,,,,,,,,,,,,,,,,,,,,,
billy ocean,,,,,,,,,,5,,,,,,,,,,,,,,,,,
melancolia,,,,,,,,1,1,,,,,,,,,,,,,,,,,,
bruce springsteen,,,,,,,,,,,,,,2,,,,,,,,,,,,,
godfathers of death metal,,,,,,,,,,,,,,,,,,,,,,,,,,,1
good stuff,,,,,,,,,,,,,2,,,,,,,,,,,,,,
several tryphon,,,,,,,,,,,,,2,,,,,,,,,,,,,,
crunk beatz,,,,,,,,1,,,,,,,,,,,,,,,,,,,
emo,,1,,,,,,,1,3,,,,,,,1,,1,,,,,,,,
glam-rock,,,,,,,,,,,,,,,,,,,1,,,,,,,,
my favorite artist,,,,,,,,,,,,1,,,2,,,,,,,,,,,,
setentas,,,,,,2,,,,,,,,,,,,,,,,,,,,,,,,,
overkill,,,,,,,,,,,,,,,,,,,,,,,1,,,,,,,,
shock rock,,,,,,,,,,,,,,,,,,2,4,5,,,,,,,,,,,
solo,,,,,,,,,,,,,,,,4,,,,,,,,,,,,,,,
british,,,,,,,,,,,23,,,,,,,,,,7,,,,,,,,,3,5
old school slow jams,,,,,,2,2,,1,,,,,,,,,,,,,,,,,,,,,,
french,19,,,,,,,,,,,,,,,,,,,,,,,,,,,,,,
blind faith,,,,,,,,,,,2,,,,,,,,,,,,,,,,,,,,
country-rock,,,,,,,,,,,,,,,2,,,,,,,,,,,,,,,,
angel,,,,,,,,,1,,,,,,,,,,,,,,,,,,,,,,
the best,,,,,,,,,,,,,,,4,,,,,,,,,,,,,,,,
class,,,,,,,,1,,,,,,,,,,,,,,,,,,,,,,,
eighties-pop,,,,,,,,,,1,,,,,,,,,,,,,,,,,,,,,
discoish happymaking music,,,,,1,,,,,,,,,,,,,,,,,,,,,,,,,,
retro,,,,2,,,,,1,,,,,2,,,,,,,,,,,,,,,,,
muzyka cysia,,,,,,,,,,,,,,2,,,,,,,,,,,,,,,,,
what you are,,,,,,,,,1,,,,,,,,,,,,
digital hardcore,,,,1,,,,,,,,,,,,,,,,,
sensual,,,1,,,,,,,,,,,,,,,,,,
techno,,1,,,,,,,,,,,,,,,,,,,
female singers,,,1,,,,,,,,,,,,,,,,,,
favbands,,,,,,,,,,,2,,,,,,,,,,
seventies groove,,,,,,,,1,,,,,,,,,,,,,
waboritas,,,,,,,,,,,,,,,,2,,,,,
love,1,1,1,,,2,,,7,4,,,,,,,,,,,
music to dream to,,,,,,,,,,,,1,,,,,,,,,
no way near enough,,,,,,,2,,,,,,,,,,,,,,
classic metal,,,,,,,,,,,,,,,,,,1,2,2,4
guitarrock,,,,,,,,,,,,,,,2,,,,,,
canada,3,,,,,,,,,,,,,13,,,,,,,
meusi rock,,,,,,,,,,,2,,,,,,,,,,
minimix,,,,,,,,,,1,,,,,,,,,,,
np,,,,,1,,2,,,,,,,,,,,,,,,,,,,,,,,,
john denner,,,,,,,,,,,,,,,,2,,,,,,,,,,,,,,,
groove,,,,,2,,2,,,,,,,,,,,,,,,,,,,,,,,,
thrash,,,,,,,,,,,,,,,,,,,,,,9,10,10,8,10,5,,,,2
prepare a skin graft from my ass because this song just melted my face off,,,,,,,,,,,,,,,2,,,,,,,,,,,,,,,,
synthpop,,,,1,,,,,,1,,,,,,,,,,,,,,,,,,,,,
loverboy,,,,,,,,,,,,,,6,,,,,,,,,,,,,,,,,
tamla,,,,,,,,,1,,,,,,,,,,,,,,,,,,,,,,
do it to me,,,,,,,,,1,,,,,,,,,,,,,,,,,,,,,,
british heavy metal,,,,,,,,,,,,,,,,,,,,,1,,,,,,,,,,
the police,,,,,,,,,,,,,2,,,,,,,,,,,,,,,,,,
top100,,,,,,,,,,,,1,,,,,,,,,,,,,,,,,,,
dipset,,,,,,2,,,,,,,,,,,,,,,,,,,,,,,,,
texas,,,,,,,,,,,,3,,,,,,,,,,,,,,,,,,,
old school soul r-b,,,,,,,,1,,,,,,,,,,,,,,,,,,,,,,,
favs,,,,,,,,,,,,,,,,2,,,,,,,,,,,,,,,
old school,,,,,,,2,,1,,,,,,,,,,1,1,,,1,,,,1,1,,,
tardcore,,,,,,2,,1,,,,,,,,,,,,,,,,,,,,,,,
re-birth,,,,,,,,,,,,1,,,,,,,,,,,,,,,,,,,
divas,1,2,3,,,,,,,,,,,,,,,,,,,,,,,,,,,,
spencer davis,,,,,,,,,,,2,,,,,,,,,,,,,,,,,,,,
uk,,,,,,,,,,1,3,,,,,,,,,,1,,,,,,,,,1,1
prog metal,,,,,,,,,,,,,,,,2,,,,,,,,,,,,,,,
last weeks playlist,,,,,,2,,,,,,,,,,,,,,,,,,,,,,,,,
afterdark,,,,,1,,,,,,,,,,,,,,,,,,,,,,,,,,
rock me baby,,,,,,,,,,,2,,,,,,,,,,,,,,,,,,,,
argeu california,,,,,1,,,,,1,,,,,,,,,,,,,,,,,,,,,
yacht rock,,,,,,,,,,1,,,,2,2,,,,,,,,,,,,,,,,
thrash and speed metal,,,,,,,,,,,,,,,,,,,,,,1,1,,,,,,,,
glam metal,,,,,,,,,,,,,,,8,,1,5,18,10,,,,,,,,,,,
music for my soul,,,,,,,,,,1,,,,,,,,,,,,,,,,,,,,,
disco fever,,,,,1,2,,,,,,,,,,,,,,,,,,,,,,,,,
lyrics,,,,,,,,,,,,,2,,,,,,
i am a party girl here is my soundtrack,,,,1,1,,,,,,,,,,,,,,
classics,,,1,,,,,2,,,,,,,,,,,
eye of the tiger,,,,,,,,,,,,,,2,,,,,
jointly,,,,,,,,,,,,1,,,,,,,
girls,,1,,,,,,,,,,,,,,,,,
a few bands i have seen in concert,,,,,,,,,,,,,2,,,,,,
musictokeepualive,,,,,,2,,,,,,,,,,,,,
songs that are dangerously catchy,,,,,,,,,,,,1,,,,,,,
blaupunto1,,,,,,,,,,,2,,,,,,,,
beautiful,1,1,,,,,,,,,,,,,,2,,,
hard-rock,,,,,,,,,,,,,,,,,1,,1
70s-80s rock,,,,,,,,,,,2,,,,2,,,,
caracarai,,,,,,,,,,1,,,,,,,,,
disco artists,,,,,,2,2,,,,,,,,,,,,
razzmatazz,,,,,1,,,,,,,,,,,,,,
progressive death metal,,,,,,,,,,,,,,,,,,,,,,,,,,,,,,1
kenny chesney,,,,,,,,,,,,,,,,2,,,,,,,,,,,,,,
favorite songs,,,,,,,,,,,3,,,,,,,,,,,,,,,,,,,
ctt,,,,,,,,,1,,,,,,,,,,,,,,,,,,,,,
just a bit of fun,,,,,1,,,1,,,,,,,,,,,,,,,,,,,,,,
toronto,,,,,,,,,,,,,,2,,,,,,,,,,,,,,,,
butt rock,,,,,,,,,,,,,,,2,,,,,,,,,,,,,,,
wilson seixas,,,,,,,,,,1,,,,,,,,,,,,,,,,,,,,
your love,,,,,1,,,,,,,,,,,,,,,,,,,,,,,,,
female vocalist,8,7,8,2,,,,,,,,,,,,,,,,,,,,,,,,,,
80s music,,,,,,,,,,,,,,2,2,,,,,,,,,,,,,,,
nu-motown,,,,,,,,,1,,,,,,,,,,,,,,,,,,,,,
electricity,,,,,,,,1,,,,,,,,,,,,,,,,,,,,,,
death thrash metal,,,,,,,,,,,,,,,,,,,,,,,,,,,2,,,
new wave of british heavy metal,,,,,,,,,,,,,,,,,,,,,4,,,,,,,,,
sisters,,,,,,,,,,,,,,,,,,,1,,,,,,,,,,,
80s artists,,,,,,,,,1,,,,,,,,,,,,,,,,,,,,,,
club-dance,,,,2,,,,,,,,,,,,,,,,,,,,,,,,,,,
crust,,,,,,,,,,,,,,,,,,,,,,,,,,,,,,,1
fucking awesome,,,,,,,,,,,,,,,,,,,,1,,,,,,,,,,,
michael lewis,,,,,,,,1,,,,,,,,,,,,,,,,,,,,,,,
electronica,,1,,2,,,,,,,,,,,,,,,1,,,,,,,,,,,,
deathgrind,,,,,,,,,,,,,,,,,,,,,,,,,,,,,,2,4
hair and glam metal,,,,,,,,,,,,,,,,,,,1,,,,,,,,,,,,
live,,,,,,,,,,,,,,,,2,,,,,,,,,,,,,,,
thought provoking,,,,,,,,,,,,1,,,,,,,,,,,,,,,,,,,
goregrind,,,,,,,,,,,,,,,,,,,,,,,,,,,,,,20,
hard n heavy,,,,,,,,,,,,,,,,,,,2,1,1,,,,,,,,,,
electronic,1,5,,6,,,,,1,,,,,,,,,,1,,,,,,,,,,,,
synth,,,,,,,,,,1,,,,2,,,,,,,,,,,,,,,,,
warner bros,,,,,,2,,,,,,,,,,,,,,,,,,,,,,,,,
pop-rock,,3,3,,,,,,1,9,3,2,3,6,2,,,,,,,,,,,,,,,,
90s pop,1,,,,,,,,,,,,,,,,,,,,,
70s show,,,,,,2,,,,,,,,,,,,,,,,
champagne,,,,,1,,,,,,,,,,,,,,,,,
american metal,,,,,,,,,,,,,,,2,,,,1,,,
funk nuggets,,,,,1,,,,,,,,,,,,,,,,,
flashback,,,,1,,,,,,,,,,,,,,,,,,
thrash fucking metal,,,,,,,,,,,,,,,,,,,,,,1
synth rock,,,,,,,,,,,,,,2,,,,,,,,
80s-90s pop,,,,,,,,,,1,,,,,,,,,,,,
passionate,,,1,,,,,,,,,,,,,,,,,,,
80's music,,,,,,,,,,,,,,2,,,,,,,,
sad,,,,,,,,1,,,,,,,,,,,,,,
1980s,,,,1,,,,,,,,2,,,,,,,,,,
music chain,,,,,,,,,,,,,2,,,,,,,,,
gilmer,,,,,,,,,,,,2,,,,,,,,,,
the commodores,,,,,,,,1,,,,,,,,,,,,,,
james bond,,,3,,,,,,,,,,,,,,,,,,,,,,,,,,,,
auf entdeckungsreise,,,,,,,,,,,,1,,,,,,,,,,,,,,,,,,,
ollimusik,,,,,,,,,,,2,,,,,,,,,,,,,,,,,,,,
mmrs,,,,,,2,,,,,,,,,,,,,,,,,,,,,,,,,
montrose,,,,,,,,,,,,,,,,2,,,,,,,,,,,,,,,
70s80s,,1,,,,,,,,,,,,,,,,,,,,,,,,,,,,,
affirmation,,,,,,,,,,,3,,,,,,,,,,,,,,,,,,,,
guitar god,,,,,,,,,,,,,,,,,1,,,,,,,,,,,,,,
umse,,,,,,,,,,,,,,,2,,,,,,,,,,,,,,,,
blue-rockies,,,,,,,,,,,2,,,,,,,,,,,,,,,,,,,,
long time ago,,,,,,2,,,,,,,,,,,,,,,,,,,,,,,,,
brutal death metal,,,,,,,,,,,,,,,,,,,,,,,,,,,,2,7,2,8
all about sammy,,,,,,,,,,,,,,,,4,,,,,,,,,,,,,,,
rythmduel classics,,,,,1,,,,,,,,,,,,,,,,,,,,,,,,,,
midnight madness,,,,,,,,,,,,,,,2,,,,,,,,,,,,,,,,
failed at life,,,,,1,2,,,,,,,,,,,,,,,,,,,,,,,,,
easy listening,13,,1,1,,,,4,,,8,,2,,,,,,,,,,,,,,,,,
light,,,,,,,,,,,,,2,,,,,,,,,,,,,,,,,
familia santos,,,,,,,,,,1,,,,,,,,,,,,,,,,,,,,
melodic death metal,,,,,,,,,,,,,,,,,,,,,,,,,,,,,1,29
nwobhm,,,,,,,,,,,,,,,,,,,,,44,,,,,,,,,
get lucky,,,,,,,,,,,,,,2,,,,,,,,,,,,,,,,
igneoustempest,,,,,,,,,,,,,2,,,,,,,,,,,,,,,,,
achim,,,,,,,,1,,,,,,,,,,,,,,,,,,,,,,
makeup,,,,,,,,,,,,,,,,,,,1,,,,,,,,,,,
chicago,,,,,,,2,,,,,,,,,,,,,,,,,,,,,,,
party,,1,,,,,,,,,,,,,,,,,,,,,,,,,,,,
before they went pop,,,,,,,,1,,,,,,,,,,,,,,,,,,,,,,
traditional heavy metal,,,,,,,,,,,,,,,,,,,,2,,,,,,,,,,
mis artistas favoritos,,,,,,,,1,,,,,,,,,,,,,,,,,,,,,,
strong solo woman,,,1,,,,,,,,,,,,,,,,,,,,,,,,,,,
sweetness for bosh,,,,,,,,,,,,,2,,,,,,,,,,,,,,,,,
ultradisc,,,,,,,,,,,2,,,,,,,,,,,,,,,,,
progressive,,,,,,,,,,,,,,,,2,,,,,,,,,,,,
boybands,1,1,,,,,,,,,,,,,,,,,,,,,,,,,,
stuff for jon,,,,,,,,,,,,1,,,,,,,,,,,,,,,,
midlands,,,,,,,,,,,2,,,,,,,,,,,,,,,,,
alternative,2,3,1,1,,2,,2,2,1,,,,2,,,1,2,3,,,,,,,,,
autopsy,,,,,,,,,,,,,,,,,,,,,,,,,,,,1
brooks and dunn,,,,,,,,,,,,,,,,2,,,,,,,,,,,,
r and b artists my favorites,,,,,,2,,,,,,,,,,,,,,,,,,,,,,
my own,,,,,,,,,,,2,1,,,,,,,,,,,,,,,,
officially not shit,,,,,,,,,,,,,,,2,,,,,,,,,,,,,
80er pop,,,,,,,,,,1,,,,,,,,,,,,,,,,,,
trinidad and tobago,,,,,,,,,,1,,,,,,,,,,,,,,,,,,
ashamed,,,,,,,,1,,,,,,,,,,,,,,,,,,,,
party time,,,,,1,,,,,,,,,,,,,,,,,,,,,,,
group,,,,,,,4,,,,,,,,2,,,,,,,,,,,,,
deathrash,,,,,,,,,,,,,,,,,,,,,,,,,,,1,,,,
piece of my heart,,,,,,,,,1,,,,,,,,,,,,,,,,,,,,,,
trance house techno,,,,,,,,,,,,,,2,,,,,,,,,,,,,,,,,
hardcore,,,,,,,,,,,,,,,,,,,,,,,,,,,,,,1,2
music,,1,,,,,,,,,,,,,,,,,,,,,,,,,,,,,
80s us,,,,,,,,,,,,,2,,,,,,,,,,,,,,,,,,
light classic rock,,,,,,,,,,,,1,2,,,,,,,,,,,,,,,,,,
pop,100,100,100,44,8,19,15,11,100,68,46,27,21,19,4,2,1,1,2,,,,,,,,,,,,
singer songwriters,,,,,,,,,,,,2,,,,,,,,,,,,,,,,,,,
vinztune,,,,,1,,,,,,,,,,,,,,,,,,,,,,,,,,
dance pop,,1,,,,,,,,,,,,,,,,,,,,,,,,,,,,,
chillout,1,,,1,1,,,,1,,,,,,,,,,,,,,,,,,,,,,
pop country,,,,,,,,,,,,,,,,2,,,,,,,,,,,,,,,
hairbands,,,,,,,,,,,,,,,2,,,,,,,,,,,,,,,,
born in 1948,,,,,,,,,,,2,,,,,,,,,,,,,,,,,,,,
aleyster,,,,,,,,,,1,,,,,,,,,,,,,,,,,,,,,
new romantic,1,1,,,,,,,,,,,,,,,,,,,,,,,,,,,,,
female,11,18,7,3,1,,,,,,,,,,,,,,,,,,,,,,,,,,
sammy hagar,,,,,,,,,,,,,,,,7,,,,,,,,,,,,,,,
indie pop,,,,,,,,,,1,,,,,,,,,,,,,,,,,,,,,
inne,,,,,,,,,1,,,,,,,,,,,,,,,,,,,,,,
the annual,,,,,1,,,,,,,,,,,,,,,,,,,,,,,,,,
favourite artists,1,,1,,,,,,,,,,,,,,,,,,,,,,,,,,,,
i want more,,,,,,,,,,,,,,,2,,,,,,,,,,,,,,,,
other,,,,,,2,,,,,,,,,2,,,,,,,,,,,,,,,,
90s,20,10,4,2,2,,,,,,,3,,2,,,1,1,,,,,,,,,,,,,
gay artists,,,,,,,,,,,,,,2,,,,,,,,,,,,,,,,,
heavy metal,,,,,,,,,,,,,2,,13,40,23,19,100,100,100,100,10,7,9,3,2,,1,3,1
jpop,,1,,,,,,,,,,,,,,,,,,,,,,,,,,,,,
arena rock,,,,,,,,,,,,,9,13,17,,1,1,1,,,,,,,,,,,,
doras,,,,,,,,,,,2,,,,,,,,,,,,,,,,,,,,
mellow,,,,,,2,,,,3,,,,,,,,,,,,,,,,,,,,,
cool adult,,,,,,,,,,,,1,,,,,,,
funk-tastic,,,,,,,2,,,,,,,,,,,,
singer-sonwriter,,,,,,,,,,,2,,,,,,,,
wu-tang,,,,,,2,,,,,,,,,,,,,
master songwriter,,,,,,,,,,,,,,,,2,,,
mobile fidelity,,,,,,,,,,,2,1,,,,,,,
los angeles,,,,,,8,,,,,,,,,,,,,
relaxed,,,,,1,,,,,,,,,,,,,,
melodic hard,,,,,,,,,,,,,,,2,,,,
awesomely bad,,,,,,,,,,,,,,2,,,,,
immer wieder gern,,,,,,,,,,1,,,,,,,,,
pra,,,,,,,,1,,,2,1,2,2,2,,,,
new york,,,,,5,,,,,,,,3,,,,,1,1
blues,,,4,,,2,,,2,,23,,2,,,,1,,
bar,,,,,,,2,,,,,,,,,,,,
kits sikke,,,,,,,,,,,,,2,,,,,,
male,,,,,,,,,,,,2,2,4,2,2,,,,,,,,,,,,,,,
60,,,,,,,,1,,,,,,,,,,,,,,,,,,,,,,,
old rock,,,,,,,,,,,,,,,,,,,1,,,,,,,,,,,,
motown,1,,3,1,,2,,20,26,,,,,,,,,,,,,,,,,,,,,,
soul rock,,,,,,,2,,,,,,,,,,,,,,,,,,,,,,,,
setenta,,,,,,2,,,,,,,,,,,,,,,,,,,,,,,,,
gene simmons,,,,,,,,,,,,,,,,,,1,,,,,,,,,,,,,
metal,1,1,1,,,,,,,,,,2,4,,14,17,13,37,26,23,34,18,17,16,12,10,8,13,18,15
the eagles,,,,,,,,,,,,3,,,,,,,,,,,,,,,,,,,
melodic death,,,,,,,,,,,,,,,,,,,,,,,,,,,,,,1,
led zeppelin,,,,,,,,,,,,,,,,2,,,,,,,,,,,,,,,
losers,,,,,,,,,,,,,,,2,,,,,,,,,,,,,,,,
in full bloom,,,,,,2,,,,,,,,,,,,,,,,,,,,,,,,,
locking,,,,,1,2,,,,,,,,,,,,,,,,,,,,,,,,,
the masters,,,,,,,,,,,2,,,,,,,,,,,,,,,,,,,,
seen in concert,,,,,,,,,,,,,,,2,,,,,,,,,,,,,,,,
bringin it back,,,,,1,,,,,,,,,,,,,,,,,,,,,,,,,,
tiukkaa,,,,,,,,,,,,,,2,2,2,,,,,,,,,,,,,,,
punk rock,,,,,,,,,,1,,,,,,,,1,1,,,,,,,,,,,,
hair bands,,,,,,,,,,,,,,,4,,,,1,,,,,,,,,,,,
urban,,,,2,,4,,3,3,5,,,,,,,,,,,,,,,,,,,,,
wasp,,,,,,,,,,,,,,,,,,,,5,,,,,,,,,,,
my old favs,,,,,,,,,,,,,,2,2,4,,,,,,,,,,,,,,,
diso,,,,,,,,1,,,,,,,,,,,,,,,,,,,,,,,
aor,,,,,,,,,,,,,3,6,23,4,,,,,,,,,,,,,,,
song writer,,,,,,,,,1,,,,,,,,,,,,,,,,,,,,,,
commodores - funk,,,,,,,,1,,,,,,,,,,,,,,,,,,,,,,,
my favs,,,,,,,,,,,,,2,,,,,,,,,,,,,,,,,,
midwest,,,,,,2,,,,,,,,,,,,,,,,,,,,,,,,,
r and b,,,1,,,2,8,,1,,,,,,,,,,,,,,,,,,,,,,
don henly - the end of the innocence,,,,,,,,,,,,1,,,,,,,,,,,,,,,,,,,
grind,,,,,,,,,,,,,,,,,,,,,,,,,,,,,,6,9
high school flashbacks,,,,,,,2,,,,,,,,,,,,,,,,,,,,,,
pa,,,,,,2,,,,,,,,,,,,,,,,,,,,,,,
synth pop,,1,,,,,,,,,,,,,,,,,,,,,,,,,,,
sexy,1,,1,2,,,,,,,,,2,,,,,,,,,,,,,,,,
whiskey weed women,,,,,,,,,,,,1,,,,,,,,,,,,,,,,,
wincraft,,,,,,,,,,,2,,,,,,,,,,,,,,,,,,
celine,3,,,,,,,,,,,,,,,,,,,,,,,,,,,,
when i am 64,,,,,,,,,,,2,,,,,,,,,,,,,,,,,,
new world fair,,,,,1,,,,,,,,,,,,,,,,,,,,,,,,
female vocals,1,1,2,1,,,,,,,,,,,,,,,,,,,,,,,,,
florida,,,,,,,,,,,,,,,,,,,,,,,,,,,,,1
don kalifa,,,,,,,,,,1,,,,,,,,,,,,,,,,,,,
ct,,,,,,,,,1,,,,,,,,,,,,,,,,,,,,
70ies,,,,,1,,,,,,,,,,,,,,,,,,,,,,,,
singer-songwriter,4,2,1,,,,2,1,11,,61,38,7,,,,,,,,,,,,,,,,
bands,,,,,,,,,,,,,,4,,,,,,,,,,,,,,,
born in june,,,,,,,,,1,,,,,,,,,,,,,,,,,,,,,,
proto death metal,,,,,,,,,,,,,,,,,,,,,,,,,,,1,,,,
true metal,,,,,,,,,,,,,,,,,,,,,1,1,,,,,,,,,
progressive rock,,,,,,,,,1,,,3,,2,,4,2,,1,,,1,,,,,,,,,
like,,,,,,,2,,,,,,,,,,,,,,,,,,,,,,,,
ronnie spector,,,,,,,,,,,,,2,,,,,,,,,,,,,,,,,,
energetic,,,,,,,,,,,,2,,,,,,,,,,,,,,,,,,,
gr play list,,,,,,,,1,,,,,,,,,,,,,,,,,,,,,,,
s,,,,,,,,,,,,1,,,,,,,,,,,,,,,,,,,
aleyster crowley,,,1,1,,,,1,,1,,,,,,,,,,,,,,,,,,,,,
usa,,1,2,1,1,,2,1,2,,,,2,,2,,1,1,2,2,,2,2,1,1,1,1,1,2,,
kicks mallcore kiddies around like little kids,,,,,,,,,,,,,,,,,,,1,,,1,,,,,1,,,,
baby,,,,,,,,,,,,,,,,2,,,,,,,,,,,,,,,
dion,1,,,,,,,,,,,,,,,,,,,,,,,,,,,,,,
napalm death,,,,,,,,,,,,,,,,,,,,,,,,,,,,,,,1
higher love,,,,,,,,,,,2,,,,,,,,,,,,,,,,,,,,
fun,,,,,,,,,,1,,,,,,,,,,,,,,,,,,
country,1,2,2,,,,,,,,,3,,,2,2,,,,,,,,,,,,
terror squad,,,,,,2,,,,,,,,,,,,,,,,,,,,,,
gay icon,1,3,,,,,,,,,,,,,,,,,,,,,,,,,,
metal church is one of the best heavy metal bands in the world,,,,,,,,,,,,,,,,,,,,,,1,,,,,,
melodic hard rock,,,,,,,,,,,,,,,6,,,,,,,,,,,,,
romatic evening,,,,,,,,,,1,,,,,,,,,,,,,,,,,,
breakcore,,,,13,,,,,,,,,,,,,,,,,,,,,,,,
real death metal,,,,,,,,,,,,,,,,,,,,,,,,,,,,1
mediamonkey artists,,,,,,,,,,,,,,2,,,,,,,,,,,,,,
jellies,,,,,,,,,,,,1,,,,,,,,,,,,,,,,
r-n-b,,,,,,,,,1,,,,,,,,,,,,,,,,,,,
soulful,,,,,,,,1,,,,,,,,,,,,,,,,,,,,
hi-nrg,,,,1,,,,,,,,,,,,,,,,,,,,,,,,
this and that,,,,,,,,,,,,,2,,,,,,,,,,,,,,,
www,,,,,,,,,,,,1,,,,,,,,,,,,,,,,
afros rule,,,,,,,,1,,,,,,,,,,,,,,,,,,,,,
armenian,,1,,,,,,,,,,,,,,,,,,,,,,,,,,,
old school death metal,,,,,,,,,,,,,,,,,,,,,,,,,,,22,24,6
my guitar music,,,,,,,,,,,,1,,,,,,,,,,,,,,,,,
shut up and dance,,,,,,,,1,,,,,,,,,,,,,,,,,,,,,
deepsoul,,,,,,2,,,,,,,,,,,,,,,,,,,,,,,
new wave,,,1,1,,,,,3,18,,,,10,,,,,1,,,,,,,,,,
singer/songwriter,,,,,,,,,,,,2,,,,,,,,,,,,,,,,,
huge,,,,,,,,,,,2,,,,,,,,,,,,,,,,,,
rags to rufus,,,,,,,2,,,,,,,,,,,,,,,,,,,,,,
zmin,,,,,1,,,,,,,,,,,,,,,,,,,,,,,,
bay area,,,,,,,,,,,,,,,,,,,,,,,,1,4,3,1,,
vocal,3,1,,,,,,,1,,,,,,,,,,,,,,,,,,,,
soul-hits,,,,,,2,,,,,,,,,,,,,,,,,,,,,,,
my country,,,,,,,,,,,,,,,,2,,,,,,,,,,,,,
guilty pleasures,1,,1,1,,,,,,1,,,,,2,,,,,,,,,,,,,,
popa,,,,,,,,,1,,,,,,,,,,,,,,,,,,
around 70s,,,,,1,,,,,,,,,,,,,,,,,,,,,,
noise,,,,1,,,,,,,,,,,,,,,,,,,,,,,
legend,,,,1,,,,,,,3,,,,,,,,,,,,,,,,
silvio passos,,,,,,,,,,1,,,,,,,,,,,,,,,,,
out the car window,,,,,1,,,1,,,,,,,,,,,,,,,,,,,
spirit,,,,,,,,1,,,,,,,,,,,,,,,,,,,
death-thrash,,,,,,,,,,,,,,,,,,,,,,,,,,,1
geffen,,,,,,,,,,,,1,,,,,,,,,,,,,,,
80er,,,,,,,,,1,,,,,,,,,,,,,,,,,,
kiss,,,,,,,,,,,,,,,,,,6,,,,,,,,,
glam,,1,,,,,,,,,,,,,,,1,3,13,,,,,,,,
dems classic,,,,,,,,,,,,,2,,,,,,,,,,,,,,
favorieten frank en heleen,,,,,,,,1,,,,,,,,,,,,,,,,,,,
rock radio,,,,,,,,,,,,,,,,,,,1,,,,,,,,
celtic,1,,,,,,,,,,,,,,,,,,,,,,,,,,
solo act,,,,,,,,,,,,1,,,,,,,,,,,,,,,,,
introspection,,,,,,,,,,,2,,,,,,,,,,,,,,,,,,
disco   funk   grooves   pop   r and b   rhythm and blues   rnb   soul,,,,,,,2,,,,,,,,,,,,,,,,,,,,,,
70s pop,,,,,,2,,,,,,,,,,,,,,,,,,,,,,,
rnb,1,1,27,4,12,17,13,24,44,29,,2,,,,,,,,,,,,,,,,,
back in the high life,,,,,,,,,,,2,,,,,,,,,,,,,,,,,,
screamo,,,,,,,,,,1,,,,,,,,,,,,,,,,,,,
guitar,,,,,,,,,,,,,,,4,2,12,1,,,,,,,,,,,
star trak,,,,,,2,,,,,,,,,,,,,,,,,,,,,,,
hard rock,1,,,,,,,,2,,,,9,40,100,100,100,100,95,40,18,2,1,1,1,,,,
trash metal,,,,,,,,,,,,,,,,,,,,,,,2,1,1,1,,,
pop rock,2,2,7,,,,,,,1,5,2,21,2,4,2,1,,,,,,,,,,,,
mistyeyes,,,,,,,,1,,,,,,,,,,,,,,,,,,,,,
good old oldies that we love,,,,,,,,,,1,,,,,,,,,,,,,,,,,,,
american death metal,,,,,,,,,,,,,,,,,,,,,,,,,,,,1,1
smooth,,,,,,,,1,,1,,,,,,,,,,,,,,,,,,,
tonys bands,,,,,,,,,,,,,,2,,,,,,,,,,,,,,,,,
lovethis,,,,,,,2,,,,,,,,,,,,,,,,,,,,,,,,
remix,,1,,,,,,,,,,,,,,,,,,,,,,,,,,,,,
born in 1949,,,,,,,,,,,,,2,,,,,,,,,,,,,,,,,,
songwriter,,,,,,,,,,,,2,,,,,,,,,,,,,,,,,,,
exodus,,,,,,,,,,,,,,,,,,,,,,,,1,,,,,,,
male vocalists,,,,,,,,2,19,10,13,7,5,,2,5,1,1,,,1,,,,,,,,,,
black music,,,2,,,,,,1,,,,,,,,,,,,,,,,,,,,,,
stivi,,,,,,,,,,,2,,,,,,,,,,,,,,,,,,,,
grindcore,,,,,,,,,,,,,,,,,,,,,,,,,,,,2,,56,100
dorschenanner,,,,,1,,,,,,,,,,,,,,,,,,,,,,,,,,
quebec,1,,,,,,,,,,,,,,,,,,,,,,,,,,,,,,
loved artists,,,,,,,,,,,,2,,,,,,,,,,,,,,,,,,,
thrash metal,,,,,,,,,,,,,,,,,1,,1,,1,91,100,100,100,100,52,,5,4,2
dreaming sound,,,,,,,,,,,2,,,,,,,,,,,,,,,,,,,,
4love,,,,,,2,,,,,,,,,,,,,,,,,,,,,,,,,
technical death metal,,,,,,,,,,,,,,,,,,,,,,,,,,,,,3,2,
alan jackson,,,,,,,,,,,,,,,,2,,,,,,,,,,,,,,,
hardrock,,,,,,,,,,,,,,2,,4,,,1,,,,,,,,,,,,
blue-eyed soul,,,,,,,,,,,5,,,,,,,,,,,,,,,,,,,,
naj,,,,,,,,,1,,,,,,,,,,,,,,,,,,,,,,
north american,,,,,1,,,,,,,,,,,,,,,,,,,,,,,,,,
classic rock,1,15,33,3,,2,,5,1,3,75,100,100,60,53,67,63,56,33,2,9,,,,,,,,,,
england,,,,,,,,,,,,,,,,,,,,,1,,,,,,,,,1,1
met in person,,,,,,,,,,,,,,,2,,,,,,,,,,,,,,,,
universal,,,,,,,,,1,,,,,,,,,,,,,,,,,,,,,,
shit only a dyke would listen to,,,,,1,2,,,,,,,,,,,,,,,,,,,,,,,,,
aerosmith,,,,,,,,,,,,,2,,,,,,,,,,,,,,,,,,
